<?xml version="1.0" encoding="utf-8"?>
    <UANodeSet xmlns:xsi="http://www.w3.org/2001/XMLSchema-instance" xmlns:uax="http://opcfoundation.org/UA/2008/02/Types.xsd" xmlns:xsd="http://www.w3.org/2001/XMLSchema" Version="1.02"          LastModified="2013-03-06T05:36:44.0862658Z" xmlns="http://opcfoundation.org/UA/2011/03/UANodeSet.xsd">
        <NamespaceUris>
            <Uri>http://localhost/helloworld/</Uri>
        </NamespaceUris>

        <UAObject NodeId="ns=1;i=1" BrowseName="1:HelloWorldFolder">
            <DisplayName>HelloWorldFolder</DisplayName>
            <Description>The folder of the greeting string</Description>
            <References>
                <Reference ReferenceType="Organizes" IsForward="false">i=85</Reference>
                <Reference ReferenceType="HasTypeDefinition">i=61</Reference>
            </References>
        </UAObject>

        <UAVariable NodeId="ns=1;i=222" BrowseName="1:String" DataType="i=12">
            <DisplayName>GreetingString</DisplayName>
            <Description>The greeting string</Description>
            <References>
                <Reference ReferenceType="HasTypeDefinition">i=2138</Reference>
                <Reference ReferenceType="HasComponent" IsForward="false">ns=1;i=1</Reference>
            </References>
	        <Value>
                <uax:String>Ehmm</uax:String>
            </Value>
        </UAVariable>
    </UANodeSet>
