﻿<!--
   Copyright 2015 Kai Huebl (kai@huebl-sgh.de)

   Lizenziert gemäß Apache Licence Version 2.0 (die „Lizenz“); Nutzung dieser
   Datei nur in Übereinstimmung mit der Lizenz erlaubt.
   Eine Kopie der Lizenz erhalten Sie auf http://www.apache.org/licenses/LICENSE-2.0.

   Sofern nicht gemäß geltendem Recht vorgeschrieben oder schriftlich vereinbart,
   erfolgt die Bereitstellung der im Rahmen der Lizenz verbreiteten Software OHNE
   GEWÄHR ODER VORBEHALTE – ganz gleich, ob ausdrücklich oder stillschweigend.

   Informationen über die jeweiligen Bedingungen für Genehmigungen und Einschränkungen
   im Rahmen der Lizenz finden Sie in der Lizenz.

   Autor: Kai Huebl (kai@huebl-sgh.de)
-->

<OpcUaServer>

  <Logging>
    <FileLogger>
      <LogFileName>OpcUaServer.log</LogFileName>
      <MaxLogFileNumber>20</MaxLogFileNumber>
      <MaxLogFileSize>5000000</MaxLogFileSize>
      <LogLevel>Trace</LogLevel>
    </FileLogger>
    
    <Log4cxxLogger>
    </Log4cxxLogger>
    
    <SecureChannelLog>0</SecureChannelLog>
    
  </Logging>
  
  <DiscoveryServer>
    <DiscoveryUrl>opc.tcp://@HOSTNAME@:4840</DiscoveryUrl>
    <RegisterInterval>40000</RegisterInterval>
  </DiscoveryServer>
   
  <Endpoints>
    <EndpointDescription>
	  <EndpointUrl>opc.tcp://@HOSTNAME@:9000</EndpointUrl>
	  <ApplicationUri>urn:@HOSTNAME@:ASNeG:testApp</ApplicationUri>
	  <ProductUri>urn:ASNeG:testApp</ProductUri>
	  <ApplicationName>testApp</ApplicationName>
	  <DiscoveryUrl>opc.tcp://@HOSTNAME@:9000</DiscoveryUrl>	
	  <GatewayServerUri></GatewayServerUri>
	  <!-- <SecurityPolicyUri>http://opcfoundation.org/UA/SecurityPolicy#None</SecurityPolicyUri> -->
	  
	  <SecuritySetting>
	    <SecurityPolicyUri>http://opcfoundation.org/UA/SecurityPolicy#None</SecurityPolicyUri>
	    <MessageSecurityMode>None</MessageSecurityMode>
	  </SecuritySetting>
	  <SecuritySetting>
	    <SecurityPolicyUri>http://opcfoundation.org/UA/SecurityPolicy#Basic128Rsa15</SecurityPolicyUri>
	    <MessageSecurityMode>SignAndEncrypt</MessageSecurityMode>
	  </SecuritySetting>
	  <SecuritySetting>
	    <SecurityPolicyUri>http://opcfoundation.org/UA/SecurityPolicy#Basic256</SecurityPolicyUri>
	    <MessageSecurityMode>SignAndEncrypt</MessageSecurityMode>
	  </SecuritySetting>
	  <SecuritySetting>
	    <SecurityPolicyUri>http://opcfoundation.org/UA/SecurityPolicy#Basic256Sha256</SecurityPolicyUri>
	    <MessageSecurityMode>SignAndEncrypt</MessageSecurityMode>
	  </SecuritySetting>
	  
	  <UserTokenPolicy>
	    <PolicyId>OpcUaStack1</PolicyId>
	    <TokenType>Anonymous</TokenType>
            <SecurityPolicyUri>http://opcfoundation.org/UA/SecurityPolicy#None</SecurityPolicyUri>
	  </UserTokenPolicy>
	  <UserTokenPolicy>
	    <PolicyId>OpcUaStack2</PolicyId>
	    <TokenType>Username</TokenType>
	    <SecurityPolicyUri>http://opcfoundation.org/UA/SecurityPolicy#Basic256</SecurityPolicyUri>
	  </UserTokenPolicy>
	  <UserTokenPolicy>
	    <PolicyId>OpcUaStack3</PolicyId>
	    <TokenType>IssuedToken</TokenType>
	    <SecurityPolicyUri>http://opcfoundation.org/UA/SecurityPolicy#Basic256</SecurityPolicyUri>
	  </UserTokenPolicy>
	  <UserTokenPolicy>
	    <PolicyId>OpcUaStack3</PolicyId>
	    <TokenType>Certificate</TokenType>
	    <SecurityPolicyUri>http://opcfoundation.org/UA/SecurityPolicy#Basic256</SecurityPolicyUri>
	  </UserTokenPolicy>
	  <TransportProfileUri>http://opcfoundation.org/UA-Profile/Transport/uatcp-uasc-uabinary</TransportProfileUri>
	  <SecurityLevel>0</SecurityLevel>
	</EndpointDescription>
  </Endpoints>
   
  <ServerInfo>
    <ServerUri>urn:@HOSTNAME@:ASNeG:testApp</ServerUri>
    <ServerName>testApp@@HOSTNAME@</ServerName>
  </ServerInfo>
  
  <ApplicationCertificate>
  
      <Folder>
          <CertificateTrustListLocation>@CONF_DIR@/pki/trusted/certs/</CertificateTrustListLocation>
          <CertificateRevocationListLocation>@CONF_DIR@/pki/trusted/crl/</CertificateRevocationListLocation>
          <IssuersCertificatesLocation>@CONF_DIR@/pki/issuers/certs/</IssuersCertificatesLocation>
          <IssuersRevocationListLocation>@CONF_DIR@/pki/issuers/crl/</IssuersRevocationListLocation>
          <CertificateRejectListLocation>@CONF_DIR@/pki/reject/certs/</CertificateRejectListLocation>
      </Folder>
  
      <Files>
          <ApplicationCertificateFile>@CONF_DIR@/pki/own/certs/testApp.der</ApplicationCertificateFile>
          <PrivateKeyFile>@CONF_DIR@/pki/own/private/testApp.pem</PrivateKeyFile>
      </Files>
      
      <CertificateSettings>
        <GenerateCertificate>true</GenerateCertificate>
          
        <CommonName>testApp</CommonName>		
        <DomainComponent>@HOSTNAME@</DomainComponent>	
        <Organization>ASNeG</Organization>
        <OrganizationUnit>OPC UA Service Department</OrganizationUnit>
        <Locality>Neukirchen</Locality>
        <State>Hessen</State>
        <Country>DE</Country>
        <YearsValidFor>5</YearsValidFor>
        <KeyLength>2048</KeyLength>
        <CertificateType>RsaSha256</CertificateType>
        <IPAddress>127.0.0.1</IPAddress>
        <DNSName>ASNeG.de</DNSName>
        <EMail>info@ASNeG.de</EMail>
      </CertificateSettings>
      
  </ApplicationCertificate>
   
  <Applications>
    <Application>
      <Name>testApp</Name>  
      <Library>testApp</Library>
      <Config></Config>
    </Application>
  </Applications>
 
  
  <InformationModel>
    <NodeSetFile>@CONF_DIR@/Opc.Ua.NodeSet.xml</NodeSetFile>
  </InformationModel>

</OpcUaServer>
