<?xml version="1.0" encoding="utf-8"?>
<UANodeSet
	xmlns:xsi="http://www.w3.org/2001/XMLSchema-instance"
	xmlns:uax="http://opcfoundation.org/UA/2008/02/Types.xsd"
	xmlns:xsd="http://www.w3.org/2001/XMLSchema" Version="1.02"
	LastModified="2013-03-06T05:36:44.0862658Z"
	xmlns="http://opcfoundation.org/UA/2011/03/UANodeSet.xsd">
	<NamespaceUris>
		<Uri>http://localhost/data_access/</Uri>
	</NamespaceUris>

	<UAVariable NodeId="ns=1;i=203" BrowseName="1:TestVariable"
		DataType="i=3">
		<DisplayName>TestVariable</DisplayName>
		<Description>Test Variable</Description>
		<References>
			<Reference ReferenceType="HasTypeDefinition">i=63</Reference>
			<Reference ReferenceType="Organizes" IsForward="false">i=85</Reference>
		</References>
		<Value>
			<uax:Byte>1</uax:Byte>
		</Value>
	</UAVariable>

</UANodeSet>
        